Winner,Chance_taken_by_Gemini,Chance_taken_by_Claude
Gemini Pro,5,3
Gemini Pro,50,3
Gemini Pro,12,3
Claude 3 Opus,6,4
Gemini Pro,16,4
Claude 3 Opus,12,4
Gemini Pro,25,4
Gemini Pro,5,3
Gemini Pro,395,4
Claude 3 Opus,12,4
Gemini Pro,104,4
Claude 3 Opus,9,4
Gemini Pro,4,2
Gemini Pro,12,2
Gemini Pro,34,4
Gemini Pro,22,3
Claude 3 Opus,5,4
Gemini Pro,13,4
Gemini Pro,5,3
Claude 3 Opus,13,4
Claude 3 Opus,14,4
Gemini Pro,8,3
Gemini Pro,8,3
Claude 3 Opus,8,4
Gemini Pro,36,4
Claude 3 Opus,27,4
Gemini Pro,7,3
Gemini Pro,18,3
Claude 3 Opus,10,4
Gemini Pro,146,4
Claude 3 Opus,13,4
Gemini Pro,4,2
Gemini Pro,78,4
Gemini Pro,10,3
Gemini Pro,80,4
Gemini Pro,26,4
Claude 3 Opus,21,4
Gemini Pro,12,3
Gemini Pro,83,4
Gemini Pro,125,4
Claude 3 Opus,9,4
Gemini Pro,4,3
Claude 3 Opus,8,4
Gemini Pro,4,2
Claude 3 Opus,15,4
Gemini Pro,11,3
Claude 3 Opus,11,4
Gemini Pro,151,4
Claude 3 Opus,42,4
Gemini Pro,347,4
Claude 3 Opus,7,4
Gemini Pro,28,3
Claude 3 Opus,26,4
Gemini Pro,4,3
Gemini Pro,17,3
Gemini Pro,10,3
Gemini Pro,212,4
Gemini Pro,41,4
Claude 3 Opus,12,4
